{
  "timestamp": "2026-02-04T16:55:44.472590",
  "kl_divergence": 0.026601921989758495,
  "psi": 0.03581173623454653,
  "wasserstein": 0.005969907856159086,
  "window_size": 200,
  "reference_size": 200,
  "labels_used": false,
  "retraining": false
}