{
  "timestamp": "2026-02-05T18:04:34.288595",
  "kl_divergence": 0.026601921989758495,
  "psi": 0.03581173623454653,
  "wasserstein": 0.005969907856159086,
  "window_size": 450,
  "reference_size": 422,
  "labels_used": false,
  "retraining": false
}