{
  "timestamp": "2026-02-05T08:39:02.863365",
  "kl_divergence": 0.06709507982949664,
  "psi": 0.09936196693599944,
  "wasserstein": 0.013857577008072561,
  "mean_confidence": 0.9343494395473669,
  "mean_entropy": 0.1459272841628539,
  "window_size": 500,
  "reference_size": 492,
  "total_predictions": 1500,
  "labels_used": false,
  "retraining": false,
  "failure_type": "Healthy / Stable",
  "severity": "\ud83d\udfe2 Low"
}