{
  "timestamp": "2026-02-05T12:14:18.197273",
  "kl_divergence": 0.045542124478745234,
  "psi": 0.0626728860217857,
  "wasserstein": 0.010277317385923568,
  "window_size": 294,
  "reference_size": 200,
  "labels_used": false,
  "retraining": false
}