{
  "timestamp": "2026-02-05T12:14:27.486196",
  "kl_divergence": 0.0587978724372832,
  "psi": 0.08341486871051086,
  "wasserstein": 0.012271016596241477,
  "window_size": 294,
  "reference_size": 360,
  "labels_used": false,
  "retraining": false
}