{
  "timestamp": "2026-02-05T17:21:07.558081",
  "kl_divergence": 0.037397460677835975,
  "psi": 0.04579517428694358,
  "wasserstein": 0.010170509650327586,
  "window_size": 479,
  "reference_size": 360,
  "labels_used": false,
  "retraining": false
}