{
  "timestamp": "2026-02-04T15:14:03.303638",
  "kl_divergence": 0.09987654221519664,
  "psi": 0.24783022990751757,
  "wasserstein": 0.007333892223623293,
  "window_size": 93,
  "reference_size": 78,
  "labels_used": false,
  "retraining": false
}