{
  "timestamp": "2026-02-04T15:14:05.307343",
  "kl_divergence": 0.09699629539162563,
  "psi": 0.260477836232055,
  "wasserstein": 0.010093018696500592,
  "window_size": 93,
  "reference_size": 78,
  "labels_used": false,
  "retraining": false
}