{
  "timestamp": "2026-02-05T18:04:49.627573",
  "kl_divergence": 0.04268684566467651,
  "psi": 0.058283906651636436,
  "wasserstein": 0.011417988051819716,
  "window_size": 450,
  "reference_size": 422,
  "labels_used": false,
  "retraining": false
}