{
  "timestamp": "2026-02-05T14:09:13.822612",
  "kl_divergence": 0.06709507982949664,
  "psi": 0.09936196693599944,
  "wasserstein": 0.013857577008072561,
  "window_size": 200,
  "reference_size": 404,
  "labels_used": false,
  "retraining": false
}