{
  "timestamp": "2026-02-05T18:04:32.173490",
  "kl_divergence": 0.024385506921592276,
  "psi": 0.030301766330808066,
  "wasserstein": 0.003888035902241906,
  "window_size": 450,
  "reference_size": 200,
  "labels_used": false,
  "retraining": false
}