{
  "timestamp": "2026-02-05T12:14:33.712362",
  "kl_divergence": 0.06709507982949664,
  "psi": 0.09936196693599944,
  "wasserstein": 0.013857577008072561,
  "window_size": 294,
  "reference_size": 360,
  "labels_used": false,
  "retraining": false
}