{
  "timestamp": "2026-02-04T16:57:57.548966",
  "kl_divergence": 0.04268684566467651,
  "psi": 0.058283906651636436,
  "wasserstein": 0.011417988051819716,
  "window_size": 200,
  "reference_size": 200,
  "labels_used": false,
  "retraining": false
}