{
  "timestamp": "2026-02-04T14:59:10.280268",
  "kl_divergence": 0.06709507982949664,
  "psi": 0.09936196693599944,
  "wasserstein": 0.013857577008072561,
  "window_size": 84,
  "reference_size": 82,
  "labels_used": false,
  "retraining": false
}