{
  "timestamp": "2026-02-04T16:58:43.845784",
  "kl_divergence": 0.045542124478745234,
  "psi": 0.0626728860217857,
  "wasserstein": 0.010277317385923568,
  "window_size": 200,
  "reference_size": 200,
  "labels_used": false,
  "retraining": false
}